cod_localidade_ibge,n_stations_y1,n_records_y1,n_stations_y2,n_records_y2,absolute_change,pct_change,year1,year2,year_pair,change_category,nm_localidade,sg_uf
3166600,1,1,3,3,2,200,2006,2008,2006-2008,Doubled or more,SERRA DA SAUDADE,MG
4216354,1,1,3,3,2,200,2006,2008,2006-2008,Doubled or more,SAO JOAO DO ITAPERIU,SC
2203008,3,3,8,8,5,166.666666666667,2006,2008,2006-2008,Doubled or more,CRISTALANDIA DO PIAUI,PI
5200050,2,2,5,5,3,150,2006,2008,2006-2008,Doubled or more,ABADIA DE GOIAS,GO
1200054,5,5,10,10,5,100,2006,2008,2006-2008,Doubled or more,ASSIS BRASIL,AC
1717206,3,3,6,6,3,100,2006,2008,2006-2008,Doubled or more,PIRAQUE,TO
1717503,1,1,2,2,1,100,2006,2008,2006-2008,Doubled or more,PIUM,TO
2513943,1,1,2,2,1,100,2006,2008,2006-2008,Doubled or more,SAO DOMINGOS DO CARIRI,PB
2701357,1,1,2,2,1,100,2006,2008,2006-2008,Doubled or more,CAMPESTRE,AL
2703908,1,1,2,2,1,100,2006,2008,2006-2008,Doubled or more,JUNDIA,AL
3103108,1,1,2,2,1,100,2006,2008,2006-2008,Doubled or more,ANTONIO PRADO DE MINAS,MG
3113602,2,2,4,4,2,100,2006,2008,2006-2008,Doubled or more,CAREACU,MG
3117900,2,2,4,4,2,100,2006,2008,2006-2008,Doubled or more,CONGONHAL,MG
3171501,1,1,2,2,1,100,2006,2008,2006-2008,Doubled or more,MATHIAS LOBATO,MG
3507159,1,1,2,2,1,100,2006,2008,2006-2008,Doubled or more,BOM SUCESSO DE ITARARE,SP
3510153,1,1,2,2,1,100,2006,2008,2006-2008,Doubled or more,CANITAR,SP
3525409,1,1,2,2,1,100,2006,2008,2006-2008,Doubled or more,JERIQUARA,SP
3541802,1,1,2,2,1,100,2006,2008,2006-2008,Doubled or more,QUEIROZ,SP
3547908,1,1,2,2,1,100,2006,2008,2006-2008,Doubled or more,SANTO ANTONIO DA ALEGRIA,SP
5106315,1,1,2,2,1,100,2006,2008,2006-2008,Doubled or more,NOVO SANTO ANTONIO,MT
5107875,1,1,2,2,1,100,2006,2008,2006-2008,Doubled or more,SAPEZAL,MT
5200555,1,1,2,2,1,100,2006,2008,2006-2008,Doubled or more,ALTO HORIZONTE,GO
5218391,1,1,2,2,1,100,2006,2008,2006-2008,Doubled or more,PROFESSOR JAMIL,GO
3172103,6,6,11,11,5,83.3333333333333,2006,2008,2006-2008,Major increase (50-100%),VOLTA GRANDE,MG
3132305,5,5,9,9,4,80,2006,2008,2006-2008,Major increase (50-100%),ITAIPE,MG
2104503,9,9,16,16,7,77.7777777777778,2006,2008,2006-2008,Major increase (50-100%),GOVERNADOR ARCHER,MA
1200138,4,4,7,7,3,75,2006,2008,2006-2008,Major increase (50-100%),BUJARI,AC
2914901,12,12,3,3,-9,-75,2006,2008,2006-2008,Major decrease (>50%),ITACARE,BA
1200013,7,7,12,12,5,71.4285714285714,2006,2008,2006-2008,Major increase (50-100%),ACRELANDIA,AC
2110658,6,6,10,10,4,66.6666666666667,2006,2008,2006-2008,Major increase (50-100%),SAO DOMINGOS DO AZEITAO,MA
2207355,3,3,5,5,2,66.6666666666667,2006,2008,2006-2008,Major increase (50-100%),PAJEU DO PIAUI,PI
2400604,3,3,5,5,2,66.6666666666667,2006,2008,2006-2008,Major increase (50-100%),ALMINO AFONSO,RN
2929354,3,3,5,5,2,66.6666666666667,2006,2008,2006-2008,Major increase (50-100%),SAO JOSE DA VITORIA,BA
4124202,3,3,1,1,-2,-66.6666666666667,2006,2008,2006-2008,Major decrease (>50%),SANTO ANTONIO DO CAIUA,PR
4310900,3,3,5,5,2,66.6666666666667,2006,2008,2006-2008,Major increase (50-100%),JACUTINGA,RS
2409100,5,5,8,8,3,60,2006,2008,2006-2008,Major increase (50-100%),PASSA E FICA,RN
3101508,31,31,49,49,18,58.0645161290323,2006,2008,2006-2008,Major increase (50-100%),ALEM PARAIBA,MG
2209971,7,7,11,11,4,57.1428571428571,2006,2008,2006-2008,Major increase (50-100%),SAO JOAO DO ARRAIAL,PI
3160009,7,7,11,11,4,57.1428571428571,2006,2008,2006-2008,Major increase (50-100%),SANTO ANTONIO DO AVENTUREIRO,MG
5211602,7,7,3,3,-4,-57.1428571428571,2006,2008,2006-2008,Major decrease (>50%),IVOLANDIA,GO
1504752,0,0,53,53,53,Inf,2008,2010,2008-2010,New municipality,MOJUI DOS CAMPOS,PA
5006275,0,0,3,3,3,Inf,2008,2010,2008-2010,New municipality,PARAISO DAS AGUAS,MS
3129202,2,2,7,7,5,250,2008,2010,2008-2010,Doubled or more,HELIODORA,MG
3116407,1,1,3,3,2,200,2008,2010,2008-2010,Doubled or more,CLARAVAL,MG
3169109,1,1,3,3,2,200,2008,2010,2008-2010,Doubled or more,TOLEDO,MG
3519253,2,2,5,5,3,150,2008,2010,2008-2010,Doubled or more,IARAS,SP
2201988,3,3,7,7,4,133.333333333333,2008,2010,2008-2010,Doubled or more,BREJO DO PIAUI,PI
3125101,4,4,9,9,5,125,2008,2010,2008-2010,Doubled or more,EXTREMA,MG
1200393,6,6,13,13,7,116.666666666667,2008,2010,2008-2010,Doubled or more,PORTO WALTER,AC
1700251,1,1,2,2,1,100,2008,2010,2008-2010,Doubled or more,ABREULANDIA,TO
1705607,1,1,2,2,1,100,2008,2010,2008-2010,Doubled or more,CONCEICAO DO TOCANTINS,TO
1711951,1,1,2,2,1,100,2008,2010,2008-2010,Doubled or more,LAGOA DO TOCANTINS,TO
2406908,1,1,2,2,1,100,2008,2010,2008-2010,Doubled or more,LUCRECIA,RN
2410009,1,1,2,2,1,100,2008,2010,2008-2010,Doubled or more,PILOES,RN
2931103,3,3,6,6,3,100,2008,2010,2008-2010,Doubled or more,TANQUINHO,BA
3115607,1,1,2,2,1,100,2008,2010,2008-2010,Doubled or more,CEDRO DO ABAETE,MG
3116902,1,1,2,2,1,100,2008,2010,2008-2010,Doubled or more,COMENDADOR GOMES,MG
3123858,1,1,2,2,1,100,2008,2010,2008-2010,Doubled or more,ENTRE FOLHAS,MG
3129905,1,1,2,2,1,100,2008,2010,2008-2010,Doubled or more,IBITIURA DE MINAS,MG
3151602,2,2,4,4,2,100,2008,2010,2008-2010,Doubled or more,PLANURA,MG
3161056,1,1,2,2,1,100,2008,2010,2008-2010,Doubled or more,SAO FELIX DE MINAS,MG
3508207,1,1,2,2,1,100,2008,2010,2008-2010,Doubled or more,BURITIZAL,SP
3521150,1,1,2,2,1,100,2008,2010,2008-2010,Doubled or more,IPIGUA,SP
3533601,1,1,2,2,1,100,2008,2010,2008-2010,Doubled or more,NUPORANGA,SP
3540259,1,1,2,2,1,100,2008,2010,2008-2010,Doubled or more,PONTALINDA,SP
3544905,1,1,2,2,1,100,2008,2010,2008-2010,Doubled or more,SALES OLIVEIRA,SP
3556909,1,1,2,2,1,100,2008,2010,2008-2010,Doubled or more,VISTA ALEGRE DO ALTO,SP
5108857,1,1,2,2,1,100,2008,2010,2008-2010,Doubled or more,NOVA MARILANDIA,MT
2515906,17,17,3,3,-14,-82.3529411764706,2008,2010,2008-2010,Major decrease (>50%),SERRARIA,PB
2504355,4,4,7,7,3,75,2008,2010,2008-2010,Major increase (50-100%),CATURITE,PB
5105002,11,11,3,3,-8,-72.7272727272727,2008,2010,2008-2010,Major decrease (>50%),JAURU,MT
5103809,7,7,2,2,-5,-71.4285714285714,2008,2010,2008-2010,Major decrease (>50%),FIGUEIROPOLIS D'OESTE,MT
5205208,7,7,2,2,-5,-71.4285714285714,2008,2010,2008-2010,Major decrease (>50%),CATURAI,GO
1711100,6,6,2,2,-4,-66.6666666666667,2008,2010,2008-2010,Major decrease (>50%),ITAPORA DO TOCANTINS,TO
2106607,15,15,25,25,10,66.6666666666667,2008,2010,2008-2010,Major increase (50-100%),MATOES,MA
2110203,15,15,25,25,10,66.6666666666667,2008,2010,2008-2010,Major increase (50-100%),SANTA RITA,MA
2402501,3,3,5,5,2,66.6666666666667,2008,2010,2008-2010,Major increase (50-100%),CARNAUBAIS,RN
2500908,9,9,3,3,-6,-66.6666666666667,2008,2010,2008-2010,Major decrease (>50%),ARARA,PB
3111903,3,3,5,5,2,66.6666666666667,2008,2010,2008-2010,Major increase (50-100%),CANA VERDE,MG
3164431,3,3,1,1,-2,-66.6666666666667,2008,2010,2008-2010,Major decrease (>50%),SAO SEBASTIAO DA VARGEM ALEGRE,MG
3511706,6,6,10,10,4,66.6666666666667,2008,2010,2008-2010,Major increase (50-100%),CHARQUEADA,SP
3552908,3,3,5,5,2,66.6666666666667,2008,2010,2008-2010,Major increase (50-100%),TACIBA,SP
4104709,3,3,5,5,2,66.6666666666667,2008,2010,2008-2010,Major increase (50-100%),CARLOPOLIS,PR
4126504,3,3,5,5,2,66.6666666666667,2008,2010,2008-2010,Major increase (50-100%),SERTANOPOLIS,PR
4212700,14,14,5,5,-9,-64.2857142857143,2008,2010,2008-2010,Major decrease (>50%),PETROLANDIA,SC
4109807,11,11,18,18,7,63.6363636363636,2008,2010,2008-2010,Major increase (50-100%),IBIPORA,PR
2504405,5,5,8,8,3,60,2008,2010,2008-2010,Major increase (50-100%),CONCEICAO,PB
2903102,5,5,8,8,3,60,2008,2010,2008-2010,Major increase (50-100%),BARRA DO ROCHA,BA
4201802,7,7,3,3,-4,-57.1428571428571,2008,2010,2008-2010,Major decrease (>50%),ATALANTA,SC
2603009,9,9,14,14,5,55.5555555555556,2008,2010,2008-2010,Major increase (50-100%),CABROBO,PE
3551603,9,9,14,14,5,55.5555555555556,2008,2010,2008-2010,Major increase (50-100%),SERRA NEGRA,SP
4212650,0,0,14,14,14,Inf,2010,2012,2010-2012,New municipality,PESCARIA BRAVA,SC
4220000,0,0,6,6,6,Inf,2010,2012,2010-2012,New municipality,BALNEARIO RINCAO,SC
4314548,0,0,4,4,4,Inf,2010,2012,2010-2012,New municipality,PINTO BANDEIRA,RS
2103158,2,2,6,6,4,200,2010,2012,2010-2012,Doubled or more,CENTRO DO GUILHERME,MA
2704005,5,5,13,13,8,160,2010,2012,2010-2012,Doubled or more,JUNQUEIRO,AL
2802205,2,2,5,5,3,150,2010,2012,2010-2012,Doubled or more,FEIRA NOVA,SE
2609501,5,5,12,12,7,140,2010,2012,2010-2012,Doubled or more,NAZARE DA MATA,PE
2700805,3,3,7,7,4,133.333333333333,2010,2012,2010-2012,Doubled or more,BELEM,AL
5103056,3,3,7,7,4,133.333333333333,2010,2012,2010-2012,Doubled or more,CLAUDIA,MT
2107902,8,8,18,18,10,125,2010,2012,2010-2012,Doubled or more,PASSAGEM FRANCA,MA
2512077,6,6,13,13,7,116.666666666667,2010,2012,2010-2012,Doubled or more,POCO DE JOSE DE MOURA,PB
1301951,4,4,8,8,4,100,2010,2012,2010-2012,Doubled or more,ITAMARATI,AM
1706258,1,1,2,2,1,100,2010,2012,2010-2012,Doubled or more,CRIXAS DO TOCANTINS,TO
1713957,1,1,2,2,1,100,2010,2012,2010-2012,Doubled or more,MURICILANDIA,TO
1715259,1,1,2,2,1,100,2010,2012,2010-2012,Doubled or more,NOVO JARDIM,TO
2207777,6,6,12,12,6,100,2010,2012,2010-2012,Doubled or more,PATOS DO PIAUI,PI
2210383,2,2,4,4,2,100,2010,2012,2010-2012,Doubled or more,SAO MIGUEL DA BAIXA GRANDE,PI
2503100,3,3,6,6,3,100,2010,2012,2010-2012,Doubled or more,CABACEIRAS,PB
2504033,2,2,4,4,2,100,2010,2012,2010-2012,Doubled or more,CAPIM,PB
2505279,6,6,12,12,6,100,2010,2012,2010-2012,Doubled or more,CURRAL DE CIMA,PB
2505600,2,2,4,4,2,100,2010,2012,2010-2012,Doubled or more,DIAMANTE,PB
2509305,3,3,6,6,3,100,2010,2012,2010-2012,Doubled or more,MATARACA,PB
2512002,2,2,4,4,2,100,2010,2012,2010-2012,Doubled or more,POCINHOS,PB
2513000,1,1,2,2,1,100,2010,2012,2010-2012,Doubled or more,SALGADINHO,PB
2517407,2,2,4,4,2,100,2010,2012,2010-2012,Doubled or more,ZABELE,PB
2707008,2,2,4,4,2,100,2010,2012,2010-2012,Doubled or more,PINDOBA,AL
2801405,6,6,12,12,6,100,2010,2012,2010-2012,Doubled or more,CARIRA,SE
2803906,3,3,6,6,3,100,2010,2012,2010-2012,Doubled or more,MALHADOR,SE
3133600,2,2,4,4,2,100,2010,2012,2010-2012,Doubled or more,ITAPEVA,MG
3150208,1,1,2,2,1,100,2010,2012,2010-2012,Doubled or more,PIEDADE DE PONTE NOVA,MG
3150539,1,1,2,2,1,100,2010,2012,2010-2012,Doubled or more,PINGO D'AGUA,MG
3158409,2,2,4,4,2,100,2010,2012,2010-2012,Doubled or more,SANTANA DE CATAGUASES,MG
3164431,1,1,2,2,1,100,2010,2012,2010-2012,Doubled or more,SAO SEBASTIAO DA VARGEM ALEGRE,MG
3165602,3,3,6,6,3,100,2010,2012,2010-2012,Doubled or more,SENADOR CORTES,MG
3305133,3,3,6,6,3,100,2010,2012,2010-2012,Doubled or more,SAO JOSE DE UBA,RJ
3509957,1,1,2,2,1,100,2010,2012,2010-2012,Doubled or more,CANAS,SP
3516853,1,1,2,2,1,100,2010,2012,2010-2012,Doubled or more,GAVIAO PEIXOTO,SP
3544806,1,1,2,2,1,100,2010,2012,2010-2012,Doubled or more,SALES,SP
3545100,1,1,2,2,1,100,2010,2012,2010-2012,Doubled or more,SALMORAO,SP
3549508,1,1,2,2,1,100,2010,2012,2010-2012,Doubled or more,SAO JOSE DA BELA VISTA,SP
4105607,3,3,6,6,3,100,2010,2012,2010-2012,Doubled or more,CIDADE GAUCHA,PR
4118105,1,1,2,2,1,100,2010,2012,2010-2012,Doubled or more,PARANACITY,PR
4120333,1,1,2,2,1,100,2010,2012,2010-2012,Doubled or more,PRADO FERREIRA,PR
4124905,1,1,2,2,1,100,2010,2012,2010-2012,Doubled or more,SAO JOAO DO CAIUA,PR
4314456,2,2,4,4,2,100,2010,2012,2010-2012,Doubled or more,PINHAL,RS
5200209,1,1,2,2,1,100,2010,2012,2010-2012,Doubled or more,AGUA LIMPA,GO
5207352,1,1,2,2,1,100,2010,2012,2010-2012,Doubled or more,EDEALINA,GO
5207501,2,2,4,4,2,100,2010,2012,2010-2012,Doubled or more,ESTRELA DO NORTE,GO
5212600,1,1,2,2,1,100,2010,2012,2010-2012,Doubled or more,MAIRIPOTABA,GO
5213053,2,2,4,4,2,100,2010,2012,2010-2012,Doubled or more,MIMOSO DE GOIAS,GO
5215801,1,1,2,2,1,100,2010,2012,2010-2012,Doubled or more,PALMELO,GO
5219506,1,1,2,2,1,100,2010,2012,2010-2012,Doubled or more,SANTA ROSA DE GOIAS,GO
2105922,8,8,15,15,7,87.5,2010,2012,2010-2012,Major increase (50-100%),LAGOA DO MATO,MA
4119954,8,8,15,15,7,87.5,2010,2012,2010-2012,Major increase (50-100%),PONTAL DO PARANA,PR
2804201,5,5,9,9,4,80,2010,2012,2010-2012,Major increase (50-100%),MONTE ALEGRE DE SERGIPE,SE
2706406,9,9,16,16,7,77.7777777777778,2010,2012,2010-2012,Major increase (50-100%),PAO DE ACUCAR,AL
2105153,13,13,23,23,10,76.9230769230769,2010,2012,2010-2012,Major increase (50-100%),IGARAPE DO MEIO,MA
2201556,4,4,7,7,3,75,2010,2012,2010-2012,Major increase (50-100%),BELA VISTA DO PIAUI,PI
2515971,4,4,7,7,3,75,2010,2012,2010-2012,Major increase (50-100%),SOBRADO,PB
3117801,4,4,7,7,3,75,2010,2012,2010-2012,Major increase (50-100%),CONCEICAO DOS OUROS,MG
5204656,4,4,7,7,3,75,2010,2012,2010-2012,Major increase (50-100%),CAMPINACU,GO
1702901,7,7,12,12,5,71.4285714285714,2010,2012,2010-2012,Major increase (50-100%),AXIXA DO TOCANTINS,TO
2614808,7,7,12,12,5,71.4285714285714,2010,2012,2010-2012,Major increase (50-100%),TACARATU,PE
2100550,3,3,5,5,2,66.6666666666667,2010,2012,2010-2012,Major increase (50-100%),AMAPA DO MARANHAO,MA
2413359,9,9,15,15,6,66.6666666666667,2010,2012,2010-2012,Major increase (50-100%),SERRA DO MEL,RN
2502201,3,3,5,5,2,66.6666666666667,2010,2012,2010-2012,Major increase (50-100%),BOM JESUS,PB
2503753,3,3,5,5,2,66.6666666666667,2010,2012,2010-2012,Major increase (50-100%),CAJAZEIRINHAS,PB
2503902,3,3,5,5,2,66.6666666666667,2010,2012,2010-2012,Major increase (50-100%),CAMALAU,PB
2509339,3,3,5,5,2,66.6666666666667,2010,2012,2010-2012,Major increase (50-100%),MATINHAS,PB
2514107,3,3,5,5,2,66.6666666666667,2010,2012,2010-2012,Major increase (50-100%),SAO JOAO DO TIGRE,PB
2702504,3,3,5,5,2,66.6666666666667,2010,2012,2010-2012,Major increase (50-100%),DOIS RIACHOS,AL
2704609,3,3,5,5,2,66.6666666666667,2010,2012,2010-2012,Major increase (50-100%),MARAVILHA,AL
2708204,3,3,5,5,2,66.6666666666667,2010,2012,2010-2012,Major increase (50-100%),SAO BRAS,AL
2709301,9,9,15,15,6,66.6666666666667,2010,2012,2010-2012,Major increase (50-100%),UNIAO DOS PALMARES,AL
2805901,3,3,5,5,2,66.6666666666667,2010,2012,2010-2012,Major increase (50-100%),RIACHUELO,SE
2914901,3,3,5,5,2,66.6666666666667,2010,2012,2010-2012,Major increase (50-100%),ITACARE,BA
3114600,9,9,3,3,-6,-66.6666666666667,2010,2012,2010-2012,Major decrease (>50%),CARRANCAS,MG
3143807,3,3,5,5,2,66.6666666666667,2010,2012,2010-2012,Major increase (50-100%),MUNHOZ,MG
3157278,3,3,5,5,2,66.6666666666667,2010,2012,2010-2012,Major increase (50-100%),SANTA BARBARA DO MONTE VERDE,MG
4306924,3,3,5,5,2,66.6666666666667,2010,2012,2010-2012,Major increase (50-100%),ENGENHO VELHO,RS
5002001,3,3,5,5,2,66.6666666666667,2010,2012,2010-2012,Major increase (50-100%),BATAYPORA,MS
4123501,41,41,15,15,-26,-63.4146341463415,2010,2012,2010-2012,Major decrease (>50%),SANTA HELENA,PR
2100303,8,8,13,13,5,62.5,2010,2012,2010-2012,Major increase (50-100%),ALDEIAS ALTAS,MA
1501576,5,5,8,8,3,60,2010,2012,2010-2012,Major increase (50-100%),BOM JESUS DO TOCANTINS,PA
2506400,5,5,8,8,3,60,2010,2012,2010-2012,Major increase (50-100%),GURINHEM,PB
2806503,5,5,8,8,3,60,2010,2012,2010-2012,Major increase (50-100%),SANTA ROSA DE LIMA,SE
2929750,5,5,8,8,3,60,2010,2012,2010-2012,Major increase (50-100%),SAUBARA,BA
5205802,5,5,8,8,3,60,2010,2012,2010-2012,Major increase (50-100%),CORUMBA DE GOIAS,GO
2702553,12,12,19,19,7,58.3333333333333,2010,2012,2010-2012,Major increase (50-100%),ESTRELA DE ALAGOAS,AL
1100452,7,7,11,11,4,57.1428571428571,2010,2012,2010-2012,Major increase (50-100%),BURITIS,RO
2111722,7,7,11,11,4,57.1428571428571,2010,2012,2010-2012,Major increase (50-100%),SATUBINHA,MA
4125456,7,7,3,3,-4,-57.1428571428571,2010,2012,2010-2012,Major decrease (>50%),SAO JOSE DAS PALMEIRAS,PR
4116703,13,13,6,6,-7,-53.8461538461539,2010,2012,2010-2012,Major decrease (>50%),NOVA AURORA,PR
3167707,2,2,7,7,5,250,2012,2014,2012-2014,Doubled or more,SOBRALIA,MG
1718501,1,1,2,2,1,100,2012,2014,2012-2014,Doubled or more,RECURSOLANDIA,TO
2404309,5,5,10,10,5,100,2012,2014,2012-2014,Doubled or more,GOVERNADOR DIX-SEPT ROSADO,RN
2500734,1,1,2,2,1,100,2012,2014,2012-2014,Doubled or more,AMPARO,PB
2512002,4,4,8,8,4,100,2012,2014,2012-2014,Doubled or more,POCINHOS,PB
2612901,3,3,6,6,3,100,2012,2014,2012-2014,Doubled or more,SAO BENEDITO DO SUL,PE
3128501,1,1,2,2,1,100,2012,2014,2012-2014,Doubled or more,GUARARA,MG
3137536,1,1,2,2,1,100,2012,2014,2012-2014,Doubled or more,LAGOA GRANDE,MG
3542503,1,1,2,2,1,100,2012,2014,2012-2014,Doubled or more,REGINOPOLIS,SP
3543600,1,1,2,2,1,100,2012,2014,2012-2014,Doubled or more,RIFAINA,SP
4124608,1,1,2,2,1,100,2012,2014,2012-2014,Doubled or more,SAO CARLOS DO IVAI,PR
4313359,4,4,8,8,4,100,2012,2014,2012-2014,Doubled or more,NOVA ROMA DO SUL,RS
5108303,1,1,2,2,1,100,2012,2014,2012-2014,Doubled or more,UNIAO DO SUL,MT
5204854,1,1,2,2,1,100,2012,2014,2012-2014,Doubled or more,CAMPO LIMPO DE GOIAS,GO
5221007,1,1,2,2,1,100,2012,2014,2012-2014,Doubled or more,TAQUARAL DE GOIAS,GO
5221908,1,1,2,2,1,100,2012,2014,2012-2014,Doubled or more,VARJAO,GO
1300201,7,7,13,13,6,85.7142857142857,2012,2014,2012-2014,Major increase (50-100%),ATALAIA DO NORTE,AM
4103222,10,10,2,2,-8,-80,2012,2014,2012-2014,Major decrease (>50%),BOM SUCESSO DO SUL,PR
4128708,10,10,2,2,-8,-80,2012,2014,2012-2014,Major decrease (>50%),VITORINO,PR
2200806,4,4,7,7,3,75,2012,2014,2012-2014,Major increase (50-100%),ANTONIO ALMEIDA,PI
4314704,24,24,6,6,-18,-75,2012,2014,2012-2014,Major decrease (>50%),PLANALTO,RS
4300505,23,23,7,7,-16,-69.5652173913044,2012,2014,2012-2014,Major decrease (>50%),ALPESTRE,RS
1400456,9,9,15,15,6,66.6666666666667,2012,2014,2012-2014,Major increase (50-100%),PACARAIMA,RR
2209203,6,6,10,10,4,66.6666666666667,2012,2014,2012-2014,Major increase (50-100%),SANTA FILOMENA,PI
2505402,3,3,5,5,2,66.6666666666667,2012,2014,2012-2014,Major increase (50-100%),DESTERRO,PB
3548104,3,3,5,5,2,66.6666666666667,2012,2014,2012-2014,Major increase (50-100%),SANTO ANTONIO DO JARDIM,SP
4111209,12,12,4,4,-8,-66.6666666666667,2012,2014,2012-2014,Major decrease (>50%),ITAPEJARA DO OESTE,PR
4116307,3,3,1,1,-2,-66.6666666666667,2012,2014,2012-2014,Major decrease (>50%),MUNHOZ DE MELLO,PR
4202057,3,3,5,5,2,66.6666666666667,2012,2014,2012-2014,Major increase (50-100%),BALNEARIO BARRA DO SUL,SC
2502201,5,5,2,2,-3,-60,2012,2014,2012-2014,Major decrease (>50%),BOM JESUS,PB
2514404,5,5,2,2,-3,-60,2012,2014,2012-2014,Major decrease (>50%),SAO JOSE DE ESPINHARAS,PB
4107124,5,5,2,2,-3,-60,2012,2014,2012-2014,Major decrease (>50%),DIAMANTE DO SUL,PR
4306924,5,5,2,2,-3,-60,2012,2014,2012-2014,Major decrease (>50%),ENGENHO VELHO,RS
5107206,5,5,2,2,-3,-60,2012,2014,2012-2014,Major decrease (>50%),RIO BRANCO,MT
2111748,7,7,11,11,4,57.1428571428571,2012,2014,2012-2014,Major increase (50-100%),SENADOR ALEXANDRE COSTA,MA
4311601,14,14,6,6,-8,-57.1428571428571,2012,2014,2012-2014,Major decrease (>50%),LIBERATO SALZANO,RS
4305801,19,19,9,9,-10,-52.6315789473684,2012,2014,2012-2014,Major decrease (>50%),CONSTANTINA,RS
2501534,1,1,3,3,2,200,2014,2016,2014-2016,Doubled or more,BARAUNAS,PB
2515708,1,1,3,3,2,200,2014,2016,2014-2016,Doubled or more,SERRA GRANDE,PB
2103901,5,5,14,14,9,180,2014,2016,2014-2016,Doubled or more,DUQUE BACELAR,MA
2100105,4,4,9,9,5,125,2014,2016,2014-2016,Doubled or more,AFONSO CUNHA,MA
1303601,1,1,2,2,1,100,2014,2016,2014-2016,Doubled or more,SANTA ISABEL DO RIO NEGRO,AM
1718006,1,1,2,2,1,100,2014,2016,2014-2016,Doubled or more,PORTO ALEGRE DO TOCANTINS,TO
1718451,1,1,2,2,1,100,2014,2016,2014-2016,Doubled or more,PUGMIL,TO
1718659,1,1,2,2,1,100,2014,2016,2014-2016,Doubled or more,RIO DA CONCEICAO,TO
2408508,1,1,2,2,1,100,2014,2016,2014-2016,Doubled or more,OURO BRANCO,RN
2410603,1,1,2,2,1,100,2014,2016,2014-2016,Doubled or more,RAFAEL GODEIRO,RN
2414308,1,1,2,2,1,100,2014,2016,2014-2016,Doubled or more,TIMBAUBA DOS BATISTAS,RN
2501203,1,1,2,2,1,100,2014,2016,2014-2016,Doubled or more,AREIAL,PB
2504504,1,1,2,2,1,100,2014,2016,2014-2016,Doubled or more,CONDADO,PB
2506202,1,1,2,2,1,100,2014,2016,2014-2016,Doubled or more,FREI MARTINHO,PB
2510303,1,1,2,2,1,100,2014,2016,2014-2016,Doubled or more,NOVA PALMEIRA,PB
2605459,1,1,0,0,-1,-100,2014,2016,2014-2016,Disappeared,FERNANDO DE NORONHA,PE
2806909,2,2,4,4,2,100,2014,2016,2014-2016,Doubled or more,SAO FRANCISCO,SE
3110103,4,4,8,8,4,100,2014,2016,2014-2016,Doubled or more,CAIANA,MG
3119005,1,1,2,2,1,100,2014,2016,2014-2016,Doubled or more,CORDISLANDIA,MG
3120102,1,1,2,2,1,100,2014,2016,2014-2016,Doubled or more,COUTO DE MAGALHAES DE MINAS,MG
3122504,2,2,4,4,2,100,2014,2016,2014-2016,Doubled or more,DOM CAVATI,MG
3127370,1,1,2,2,1,100,2014,2016,2014-2016,Doubled or more,GOIABEIRA,MG
3141504,1,1,2,2,1,100,2014,2016,2014-2016,Doubled or more,MENDES PIMENTEL,MG
3501509,1,1,2,2,1,100,2014,2016,2014-2016,Doubled or more,ALVINLANDIA,SP
3513306,1,1,2,2,1,100,2014,2016,2014-2016,Doubled or more,CRUZALIA,SP
3537156,1,1,2,2,1,100,2014,2016,2014-2016,Doubled or more,PEDRINHAS PAULISTA,SP
5220280,1,1,2,2,1,100,2014,2016,2014-2016,Doubled or more,SAO PATRICIO,GO
5300108,601,601,0,0,-601,-100,2014,2016,2014-2016,Disappeared,BRASILIA,DF
2100402,9,9,17,17,8,88.8888888888889,2014,2016,2014-2016,Major increase (50-100%),ALTAMIRA DO MARANHAO,MA
4114351,13,13,2,2,-11,-84.6153846153846,2014,2016,2014-2016,Major decrease (>50%),MANFRINOPOLIS,PR
4107405,11,11,2,2,-9,-81.8181818181818,2014,2016,2014-2016,Major decrease (>50%),ENEAS MARQUES,PR
2102408,5,5,9,9,4,80,2014,2016,2014-2016,Major increase (50-100%),CAJAPIO,MA
3171709,13,13,4,4,-9,-69.2307692307692,2014,2016,2014-2016,Major decrease (>50%),VIRGINIA,MG
1718402,3,3,5,5,2,66.6666666666667,2014,2016,2014-2016,Major increase (50-100%),PRESIDENTE KENNEDY,TO
2513208,6,6,10,10,4,66.6666666666667,2014,2016,2014-2016,Major increase (50-100%),SANTA CRUZ,PB
2603207,9,9,3,3,-6,-66.6666666666667,2014,2016,2014-2016,Major decrease (>50%),CAETES,PE
2705606,3,3,5,5,2,66.6666666666667,2014,2016,2014-2016,Major increase (50-100%),NOVO LINO,AL
2707602,3,3,5,5,2,66.6666666666667,2014,2016,2014-2016,Major increase (50-100%),QUEBRANGULO,AL
3143807,3,3,5,5,2,66.6666666666667,2014,2016,2014-2016,Major increase (50-100%),MUNHOZ,MG
4318465,6,6,2,2,-4,-66.6666666666667,2014,2016,2014-2016,Major decrease (>50%),SAO JOSE DO HERVAL,RS
4322558,3,3,1,1,-2,-66.6666666666667,2014,2016,2014-2016,Major decrease (>50%),VANINI,RS
2103406,17,17,28,28,11,64.7058823529412,2014,2016,2014-2016,Major increase (50-100%),COELHO NETO,MA
2404309,10,10,4,4,-6,-60,2014,2016,2014-2016,Major decrease (>50%),GOVERNADOR DIX-SEPT ROSADO,RN
2921450,5,5,8,8,3,60,2014,2016,2014-2016,Major increase (50-100%),MIRANTE,BA
3160504,5,5,2,2,-3,-60,2014,2016,2014-2016,Major decrease (>50%),SANTO ANTONIO DO RIO ABAIXO,MG
4126272,5,5,2,2,-3,-60,2014,2016,2014-2016,Major decrease (>50%),SAUDADE DO IGUACU,PR
2614808,12,12,19,19,7,58.3333333333333,2014,2016,2014-2016,Major increase (50-100%),TACARATU,PE
4124053,12,12,5,5,-7,-58.3333333333333,2014,2016,2014-2016,Major decrease (>50%),SANTA TEREZINHA DE ITAIPU,PR
2402709,7,7,3,3,-4,-57.1428571428571,2014,2016,2014-2016,Major decrease (>50%),CERRO-CORA,RN
2511400,7,7,11,11,4,57.1428571428571,2014,2016,2014-2016,Major increase (50-100%),PICUI,PB
2409100,9,9,4,4,-5,-55.5555555555556,2014,2016,2014-2016,Major decrease (>50%),PASSA E FICA,RN
4101655,9,9,4,4,-5,-55.5555555555556,2014,2016,2014-2016,Major decrease (>50%),ARAPUA,PR
4312906,9,9,4,4,-5,-55.5555555555556,2014,2016,2014-2016,Major decrease (>50%),NOVA BASSANO,RS
5200308,11,11,17,17,6,54.5454545454545,2014,2016,2014-2016,Major increase (50-100%),ALEXANIA,GO
2605459,0,0,1,1,1,Inf,2016,2018,2016-2018,New municipality,FERNANDO DE NORONHA,PE
5300108,0,0,612,612,612,Inf,2016,2018,2016-2018,New municipality,BRASILIA,DF
2509503,1,1,3,3,2,200,2016,2018,2016-2018,Doubled or more,MONTADAS,PB
1300029,4,4,8,8,4,100,2016,2018,2016-2018,Doubled or more,ALVARAES,AM
1303601,2,2,4,4,2,100,2016,2018,2016-2018,Doubled or more,SANTA ISABEL DO RIO NEGRO,AM
1718709,1,1,2,2,1,100,2016,2018,2016-2018,Doubled or more,RIO DOS BOIS,TO
2202091,3,3,6,6,3,100,2016,2018,2016-2018,Doubled or more,CALDEIRAO GRANDE DO PIAUI,PI
2209153,2,2,4,4,2,100,2016,2018,2016-2018,Doubled or more,SANTA CRUZ DOS MILAGRES,PI
3103702,3,3,6,6,3,100,2016,2018,2016-2018,Doubled or more,ARAPONGA,MG
3114709,1,1,2,2,1,100,2016,2018,2016-2018,Doubled or more,CARVALHOPOLIS,MG
3149507,1,1,2,2,1,100,2016,2018,2016-2018,Doubled or more,PEQUERI,MG
3161304,1,1,2,2,1,100,2016,2018,2016-2018,Doubled or more,SAO FRANCISCO DE SALES,MG
3518909,1,1,2,2,1,100,2016,2018,2016-2018,Doubled or more,GUZOLANDIA,SP
4113502,4,4,8,8,4,100,2016,2018,2016-2018,Doubled or more,LOANDA,PR
4118105,1,1,2,2,1,100,2016,2018,2016-2018,Doubled or more,PARANACITY,PR
4119657,1,1,2,2,1,100,2016,2018,2016-2018,Doubled or more,PITANGUEIRAS,PR
4102752,9,9,2,2,-7,-77.7777777777778,2016,2018,2016-2018,Major decrease (>50%),BELA VISTA DA CAROBA,PR
4218509,9,9,2,2,-7,-77.7777777777778,2016,2018,2016-2018,Major decrease (>50%),TREZE TILIAS,SC
3165552,4,4,7,7,3,75,2016,2018,2016-2018,Major increase (50-100%),SETUBINHA,MG
4215075,8,8,14,14,6,75,2016,2018,2016-2018,Major increase (50-100%),RIQUEZA,SC
2401651,3,3,1,1,-2,-66.6666666666667,2016,2018,2016-2018,Major decrease (>50%),BODO,RN
3131505,3,3,5,5,2,66.6666666666667,2016,2018,2016-2018,Major increase (50-100%),IPUIUNA,MG
3138674,6,6,2,2,-4,-66.6666666666667,2016,2018,2016-2018,Major decrease (>50%),LUISBURGO,MG
3520442,3,3,5,5,2,66.6666666666667,2016,2018,2016-2018,Major increase (50-100%),ILHA SOLTEIRA,SP
4101853,6,6,2,2,-4,-66.6666666666667,2016,2018,2016-2018,Major decrease (>50%),ARIRANHA DO IVAI,PR
4103024,3,3,1,1,-2,-66.6666666666667,2016,2018,2016-2018,Major decrease (>50%),BOA ESPERANCA DO IGUACU,PR
4206801,9,9,3,3,-6,-66.6666666666667,2016,2018,2016-2018,Major decrease (>50%),IBICARE,SC
3163300,8,8,3,3,-5,-62.5,2016,2018,2016-2018,Major decrease (>50%),SAO JOSE DO DIVINO,MG
1718402,5,5,2,2,-3,-60,2016,2018,2016-2018,Major decrease (>50%),PRESIDENTE KENNEDY,TO
4318440,5,5,2,2,-3,-60,2016,2018,2016-2018,Major decrease (>50%),SAO JORGE,RS
3300159,7,7,3,3,-4,-57.1428571428571,2016,2018,2016-2018,Major decrease (>50%),APERIBE,RJ
4117057,23,23,10,10,-13,-56.5217391304348,2016,2018,2016-2018,Major decrease (>50%),NOVA LARANJEIRAS,PR
3169000,21,21,10,10,-11,-52.3809523809524,2016,2018,2016-2018,Major decrease (>50%),TOCANTINS,MG
2401651,1,1,2,2,1,100,2018,2020,2018-2020,Doubled or more,BODO,RN
2407252,1,1,2,2,1,100,2018,2020,2018-2020,Doubled or more,MAJOR SALES,RN
2412401,1,1,2,2,1,100,2018,2020,2018-2020,Doubled or more,SAO JOSE DO SERIDO,RN
2505303,1,1,2,2,1,100,2018,2020,2018-2020,Doubled or more,CURRAL VELHO,PB
2514651,1,1,2,2,1,100,2018,2020,2018-2020,Doubled or more,SAO JOSE DO BREJO CRUZ,PB
2605459,1,1,0,0,-1,-100,2018,2020,2018-2020,Disappeared,FERNANDO DE NORONHA,PE
2701506,4,4,8,8,4,100,2018,2020,2018-2020,Doubled or more,CAMPO GRANDE,AL
2805208,2,2,4,4,2,100,2018,2020,2018-2020,Doubled or more,PINHAO,SE
3127909,1,1,2,2,1,100,2018,2020,2018-2020,Doubled or more,GRUPIARA,MG
3146602,1,1,2,2,1,100,2018,2020,2018-2020,Doubled or more,PAIVA,MG
3148400,1,1,2,2,1,100,2018,2020,2018-2020,Doubled or more,PAULISTAS,MG
3160207,1,1,2,2,1,100,2018,2020,2018-2020,Doubled or more,SANTO ANTONIO DO ITAMBE,MG
3517307,1,1,2,2,1,100,2018,2020,2018-2020,Doubled or more,GUAIMBE,SP
3542305,1,1,2,2,1,100,2018,2020,2018-2020,Doubled or more,REDENCAO DA SERRA,SP
3555604,1,1,2,2,1,100,2018,2020,2018-2020,Doubled or more,UCHOA,SP
4106555,1,1,2,2,1,100,2018,2020,2018-2020,Doubled or more,CORUMBATAI DO SUL,PR
4110656,1,1,2,2,1,100,2018,2020,2018-2020,Doubled or more,IRACEMA DO OESTE,PR
4115002,1,1,2,2,1,100,2018,2020,2018-2020,Doubled or more,MARILENA,PR
4117214,1,1,2,2,1,100,2018,2020,2018-2020,Doubled or more,NOVA SANTA BARBARA,PR
5300108,612,612,0,0,-612,-100,2018,2020,2018-2020,Disappeared,BRASILIA,DF
4211876,6,6,1,1,-5,-83.3333333333333,2018,2020,2018-2020,Major decrease (>50%),PAIAL,SC
3147907,43,43,76,76,33,76.7441860465116,2018,2020,2018-2020,Major increase (50-100%),PASSOS,MG
2203800,4,4,7,7,3,75,2018,2020,2018-2020,Major increase (50-100%),FLORES DO PIAUI,PI
2512788,4,4,1,1,-3,-75,2018,2020,2018-2020,Major decrease (>50%),RIACHO DE SANTO ANTONIO,PB
4107546,12,12,3,3,-9,-75,2018,2020,2018-2020,Major decrease (>50%),ESPIGAO ALTO DO IGUACU,PR
2806909,3,3,5,5,2,66.6666666666667,2018,2020,2018-2020,Major increase (50-100%),SAO FRANCISCO,SE
2929354,3,3,5,5,2,66.6666666666667,2018,2020,2018-2020,Major increase (50-100%),SAO JOSE DA VITORIA,BA
3101300,3,3,1,1,-2,-66.6666666666667,2018,2020,2018-2020,Major decrease (>50%),ALAGOA,MG
3534203,3,3,1,1,-2,-66.6666666666667,2018,2020,2018-2020,Major decrease (>50%),ORINDIUVA,SP
4218103,3,3,5,5,2,66.6666666666667,2018,2020,2018-2020,Major increase (50-100%),TIMBE DO SUL,SC
1502954,8,8,13,13,5,62.5,2018,2020,2018-2020,Major increase (50-100%),ELDORADO DOS CARAJAS,PA
3505609,5,5,8,8,3,60,2018,2020,2018-2020,Major increase (50-100%),BARRINHA,SP
4126207,7,7,3,3,-4,-57.1428571428571,2018,2020,2018-2020,Major decrease (>50%),SAPOPEMA,PR
2922730,9,9,14,14,5,55.5555555555556,2018,2020,2018-2020,Major increase (50-100%),NOVA FATIMA,BA
2410108,11,11,17,17,6,54.5454545454545,2018,2020,2018-2020,Major increase (50-100%),POCO BRANCO,RN
4120903,28,28,13,13,-15,-53.5714285714286,2018,2020,2018-2020,Major decrease (>50%),QUEDAS DO IGUACU,PR
2406106,19,19,9,9,-10,-52.6315789473684,2018,2020,2018-2020,Major decrease (>50%),JUCURUTU,RN
2605459,0,0,1,1,1,Inf,2020,2022,2020-2022,New municipality,FERNANDO DE NORONHA,PE
5300108,0,0,618,618,618,Inf,2020,2022,2020-2022,New municipality,BRASILIA,DF
3504701,1,1,3,3,2,200,2020,2022,2020-2022,Doubled or more,BALBINOS,SP
4126207,3,3,7,7,4,133.333333333333,2020,2022,2020-2022,Doubled or more,SAPOPEMA,PR
3138005,4,4,9,9,5,125,2020,2022,2020-2022,Doubled or more,LARANJAL,MG
3102902,11,11,23,23,12,109.090909090909,2020,2022,2020-2022,Doubled or more,ANTONIO CARLOS,MG
2500734,1,1,2,2,1,100,2020,2022,2020-2022,Doubled or more,AMPARO,PB
3134509,1,1,2,2,1,100,2020,2022,2020-2022,Doubled or more,ITUTINGA,MG
3150307,5,5,10,10,5,100,2020,2022,2020-2022,Doubled or more,PIEDADE DO RIO GRANDE,MG
3501400,1,1,2,2,1,100,2020,2022,2020-2022,Doubled or more,ALVARO DE CARVALHO,SP
3514205,1,1,2,2,1,100,2020,2022,2020-2022,Doubled or more,DOLCINOPOLIS,SP
3515202,2,2,4,4,2,100,2020,2022,2020-2022,Doubled or more,ESTRELA D'OESTE,SP
3540408,1,1,2,2,1,100,2020,2022,2020-2022,Doubled or more,POPULINA,SP
3549201,1,1,2,2,1,100,2020,2022,2020-2022,Doubled or more,SAO JOAO DAS DUAS PONTES,SP
3556958,1,1,2,2,1,100,2020,2022,2020-2022,Doubled or more,VITORIA BRASIL,SP
4124509,1,1,2,2,1,100,2020,2022,2020-2022,Doubled or more,SANTO INACIO,PR
3129400,5,5,9,9,4,80,2020,2022,2020-2022,Major increase (50-100%),IBERTIOGA,MG
3146701,4,4,7,7,3,75,2020,2022,2020-2022,Major increase (50-100%),PALMA,MG
3551405,4,4,7,7,3,75,2020,2022,2020-2022,Major increase (50-100%),SERRA AZUL,SP
4123006,19,19,6,6,-13,-68.421052631579,2020,2022,2020-2022,Major decrease (>50%),SALTO DO LONTRA,PR
3150406,3,3,5,5,2,66.6666666666667,2020,2022,2020-2022,Major increase (50-100%),PIEDADE DOS GERAIS,MG
4205209,6,6,2,2,-4,-66.6666666666667,2020,2022,2020-2022,Major decrease (>50%),ERVAL VELHO,SC
4116950,8,8,3,3,-5,-62.5,2020,2022,2020-2022,Major decrease (>50%),NOVA ESPERANCA DO SUDOESTE,PR
4301925,8,8,3,3,-5,-62.5,2020,2022,2020-2022,Major decrease (>50%),BARRA DO RIO AZUL,RS
2203271,5,5,8,8,3,60,2020,2022,2020-2022,Major increase (50-100%),CURRAL NOVO DO PIAUI,PI
2207934,10,10,4,4,-6,-60,2020,2022,2020-2022,Major decrease (>50%),PEDRO LAURENTINO,PI
3154101,10,10,16,16,6,60,2020,2022,2020-2022,Major increase (50-100%),RECREIO,MG
3159407,5,5,8,8,3,60,2020,2022,2020-2022,Major increase (50-100%),SANTA RITA DO IBITIPOCA,MG
4321634,5,5,2,2,-3,-60,2020,2022,2020-2022,Major decrease (>50%),TRES ARROIOS,RS
4117255,12,12,5,5,-7,-58.3333333333333,2020,2022,2020-2022,Major decrease (>50%),NOVA PRATA DO IGUACU,PR
1302009,7,7,11,11,4,57.1428571428571,2020,2022,2020-2022,Major increase (50-100%),ITAPIRANGA,AM
2207959,11,11,5,5,-6,-54.5454545454545,2020,2022,2020-2022,Major decrease (>50%),NOVA SANTA RITA,PI
4320602,11,11,5,5,-6,-54.5454545454545,2020,2022,2020-2022,Major decrease (>50%),SEVERIANO DE ALMEIDA,RS
3147907,76,76,35,35,-41,-53.9473684210526,2020,2022,2020-2022,Major decrease (>50%),PASSOS,MG
2931053,33,33,16,16,-17,-51.5151515151515,2020,2022,2020-2022,Major decrease (>50%),TANQUE NOVO,BA
,0,0,3,3,3,Inf,2022,2024,2022-2024,New municipality,BOA ESPERANÇA DO NORTE,MT
1507755,1,1,3,3,2,200,2022,2024,2022-2024,Doubled or more,SAPUCAIA,PA
2510659,1,1,3,3,2,200,2022,2024,2022-2024,Doubled or more,PARARI,PB
1702703,1,1,2,2,1,100,2022,2024,2022-2024,Doubled or more,AURORA DO TOCANTINS,TO
1704600,1,1,2,2,1,100,2022,2024,2022-2024,Doubled or more,CHAPADA DE AREIA,TO
1708254,1,1,2,2,1,100,2022,2024,2022-2024,Doubled or more,FORTALEZA DO TABOCAO,TO
1711803,1,1,2,2,1,100,2022,2024,2022-2024,Doubled or more,JUARINA,TO
1715507,1,1,2,2,1,100,2022,2024,2022-2024,Doubled or more,OLIVEIRA DE FATIMA,TO
1718808,2,2,4,4,2,100,2022,2024,2022-2024,Doubled or more,SAMPAIO,TO
1720853,1,1,2,2,1,100,2022,2024,2022-2024,Doubled or more,SUCUPIRA,TO
2501203,2,2,4,4,2,100,2022,2024,2022-2024,Doubled or more,AREIAL,PB
2502052,2,2,4,4,2,100,2022,2024,2022-2024,Doubled or more,BERNARDINO BATISTA,PB
2503407,1,1,2,2,1,100,2022,2024,2022-2024,Doubled or more,CACIMBA DE AREIA,PB
2512788,1,1,2,2,1,100,2022,2024,2022-2024,Doubled or more,RIACHO DE SANTO ANTONIO,PB
2513851,1,1,2,2,1,100,2022,2024,2022-2024,Doubled or more,SANTO ANDRE,PB
2514651,1,1,2,2,1,100,2022,2024,2022-2024,Doubled or more,SAO JOSE DO BREJO CRUZ,PB
2605459,1,1,0,0,-1,-100,2022,2024,2022-2024,Disappeared,FERNANDO DE NORONHA,PE
3123403,1,1,2,2,1,100,2022,2024,2022-2024,Doubled or more,DORESOPOLIS,MG
3130804,1,1,2,2,1,100,2022,2024,2022-2024,Doubled or more,INGAI,MG
3150539,1,1,2,2,1,100,2022,2024,2022-2024,Doubled or more,PINGO D'AGUA,MG
3160108,1,1,2,2,1,100,2022,2024,2022-2024,Doubled or more,SANTO ANTONIO DO GRAMA,MG
3507308,1,1,2,2,1,100,2022,2024,2022-2024,Doubled or more,BORACEIA,SP
3516101,1,1,2,2,1,100,2022,2024,2022-2024,Doubled or more,FLORINEA,SP
3533254,1,1,2,2,1,100,2022,2024,2022-2024,Doubled or more,NOVAIS,SP
3535903,1,1,2,2,1,100,2022,2024,2022-2024,Doubled or more,PARANAPUA,SP
3540101,1,1,2,2,1,100,2022,2024,2022-2024,Doubled or more,PONGAI,SP
3543105,1,1,2,2,1,100,2022,2024,2022-2024,Doubled or more,RIBEIRAO CORRENTE,SP
4106704,1,1,2,2,1,100,2022,2024,2022-2024,Doubled or more,CRUZEIRO DO SUL,PR
4107157,2,2,4,4,2,100,2022,2024,2022-2024,Doubled or more,DIAMANTE DO OESTE,PR
4108551,1,1,2,2,1,100,2022,2024,2022-2024,Doubled or more,GODOY MOREIRA,PR
4110300,1,1,2,2,1,100,2022,2024,2022-2024,Doubled or more,INAJA,PR
4113007,1,1,2,2,1,100,2022,2024,2022-2024,Doubled or more,JUSSARA,PR
4118303,1,1,2,2,1,100,2022,2024,2022-2024,Doubled or more,PARANAPOEMA,PR
4121307,1,1,2,2,1,100,2022,2024,2022-2024,Doubled or more,RANCHO ALEGRE,PR
5005152,2,2,4,4,2,100,2022,2024,2022-2024,Doubled or more,JUTI,MS
5106174,1,1,2,2,1,100,2022,2024,2022-2024,Doubled or more,NOVA NAZARE,MT
5200555,1,1,2,2,1,100,2022,2024,2022-2024,Doubled or more,ALTO HORIZONTE,GO
5205471,1,1,2,2,1,100,2022,2024,2022-2024,Doubled or more,CHAPADAO DO CEU,GO
5213855,1,1,2,2,1,100,2022,2024,2022-2024,Doubled or more,MORRO AGUDO DE GOIAS,GO
5215652,1,1,2,2,1,100,2022,2024,2022-2024,Doubled or more,PALESTINA DE GOIAS,GO
5216007,1,1,2,2,1,100,2022,2024,2022-2024,Doubled or more,PANAMA,GO
5218052,1,1,2,2,1,100,2022,2024,2022-2024,Doubled or more,PORTEIRAO,GO
5300108,618,618,0,0,-618,-100,2022,2024,2022-2024,Disappeared,BRASILIA,DF
4218855,7,7,1,1,-6,-85.7142857142857,2022,2024,2022-2024,Major decrease (>50%),UNIAO DO OESTE,SC
1302801,5,5,9,9,4,80,2022,2024,2022-2024,Major increase (50-100%),MARAA,AM
2609303,4,4,7,7,3,75,2022,2024,2022-2024,Major increase (50-100%),MIRANDIBA,PE
3306156,4,4,7,7,3,75,2022,2024,2022-2024,Major increase (50-100%),VARRE E SAI,RJ
4120853,4,4,1,1,-3,-75,2022,2024,2022-2024,Major decrease (>50%),QUATRO PONTES,PR
4208955,4,4,1,1,-3,-75,2022,2024,2022-2024,Major decrease (>50%),JARDINOPOLIS,SC
4216057,4,4,1,1,-3,-75,2022,2024,2022-2024,Major decrease (>50%),SAO CRISTOVAO DO SUL,SC
4216404,13,13,4,4,-9,-69.2307692307692,2022,2024,2022-2024,Major decrease (>50%),SAO JOAO DO SUL,SC
3305554,16,16,27,27,11,68.75,2022,2024,2022-2024,Major increase (50-100%),SEROPEDICA,RJ
1508001,27,27,45,45,18,66.6666666666667,2022,2024,2022-2024,Major increase (50-100%),TOME-ACU,PA
2402907,3,3,5,5,2,66.6666666666667,2022,2024,2022-2024,Major increase (50-100%),CORONEL JOAO PESSOA,RN
2410306,3,3,5,5,2,66.6666666666667,2022,2024,2022-2024,Major increase (50-100%),SERRA CAIADA,RN
2503753,3,3,5,5,2,66.6666666666667,2022,2024,2022-2024,Major increase (50-100%),CAJAZEIRINHAS,PB
2611408,3,3,5,5,2,66.6666666666667,2022,2024,2022-2024,Major increase (50-100%),PRIMAVERA,PE
2700607,3,3,5,5,2,66.6666666666667,2022,2024,2022-2024,Major increase (50-100%),BARRA DE SAO MIGUEL,AL
3153707,6,6,2,2,-4,-66.6666666666667,2022,2024,2022-2024,Major decrease (>50%),QUARTEL GERAL,MG
3167004,3,3,1,1,-2,-66.6666666666667,2022,2024,2022-2024,Major decrease (>50%),SERRANOS,MG
3504701,3,3,1,1,-2,-66.6666666666667,2022,2024,2022-2024,Major decrease (>50%),BALBINOS,SP
4101705,3,3,5,5,2,66.6666666666667,2022,2024,2022-2024,Major increase (50-100%),ARARUNA,PR
4215695,3,3,1,1,-2,-66.6666666666667,2022,2024,2022-2024,Major decrease (>50%),SANTIAGO DO SUL,SC
5002803,3,3,5,5,2,66.6666666666667,2022,2024,2022-2024,Major increase (50-100%),CARACOL,MS
4115853,8,8,3,3,-5,-62.5,2022,2024,2022-2024,Major decrease (>50%),MERCEDES,PR
5107065,8,8,13,13,5,62.5,2022,2024,2022-2024,Major increase (50-100%),QUERENCIA,MT
3158904,5,5,8,8,3,60,2022,2024,2022-2024,Major increase (50-100%),SANTANA DO MANHUACU,MG
3301157,5,5,8,8,3,60,2022,2024,2022-2024,Major increase (50-100%),CARDOSO MOREIRA,RJ
2101970,7,7,11,11,4,57.1428571428571,2022,2024,2022-2024,Major increase (50-100%),BOA VISTA DO GURUPI,MA
2201988,7,7,3,3,-4,-57.1428571428571,2022,2024,2022-2024,Major decrease (>50%),BREJO DO PIAUI,PI
2205953,7,7,11,11,4,57.1428571428571,2022,2024,2022-2024,Major increase (50-100%),MARCOLANDIA,PI
3303104,7,7,11,11,4,57.1428571428571,2022,2024,2022-2024,Major increase (50-100%),NATIVIDADE,RJ
4213807,7,7,3,3,-4,-57.1428571428571,2022,2024,2022-2024,Major decrease (>50%),PRAIA GRANDE,SC
4304101,7,7,3,3,-4,-57.1428571428571,2022,2024,2022-2024,Major decrease (>50%),CAMPOS BORGES,RS
4215653,11,11,5,5,-6,-54.5454545454545,2022,2024,2022-2024,Major decrease (>50%),SANTA ROSA DO SUL,SC
2904704,21,21,10,10,-11,-52.3809523809524,2022,2024,2022-2024,Major decrease (>50%),BUERAREMA,BA
